cve_mun_full,num_dispositivos_home_00_08,num_dispositivos_home_00_05,num_dispositivos_home_primero
02004,41008,36173,83765
09007,33277,26737,78372
21114,29550,23548,72712
19039,28592,25087,57840
15033,25362,20440,61671
14039,24548,20130,68614
08037,23970,19540,57959
14120,23806,19980,53666
09005,22429,18232,52991
11020,20814,16514,60418
02002,20605,18565,37054
15058,19282,15452,47651
22014,19102,15045,45942
09010,17873,14845,36929
15057,17284,14029,37685
23005,16132,12847,34867
28032,15427,12867,33639
09012,14955,12495,31022
09003,14877,12418,30459
31050,14759,11836,38079
24028,14111,11467,33385
08019,13962,11924,33201
19026,13598,11588,30178
05030,13381,10901,31887
15106,13231,10190,32755
09015,13108,10541,34834
09014,13015,11014,26212
19006,12639,10719,30133
15104,12560,10104,29166
01001,11854,9509,29325
09016,11545,9315,26176
15013,11139,9193,24200
16053,11115,9012,28760
26030,10979,9686,29351
05035,10418,8496,24816
14098,10026,8205,26768
14097,9857,7964,28329
25006,9783,8373,25409
19046,9633,8273,20788
09017,9518,7545,22820
15121,9237,7419,21425
09002,8919,7107,20045
30193,8474,6879,22196
27004,8448,6191,22239
09006,8433,6856,19346
28022,8413,6764,21834
19021,8197,6985,18771
12001,8167,6458,19346
17007,8079,6560,17818
15031,8004,6351,21679
15109,7911,6252,19669
14101,7698,6279,22411
28027,7622,6478,17316
09013,7604,6338,16635
02001,7520,6408,17263
30087,7323,5926,16720
15081,7111,5684,17005
13048,6854,5506,15149
23008,6756,5245,14495
15039,6749,5470,17414
19031,6698,5679,17865
19019,6320,5679,10946
15037,6295,5446,11614
19048,6286,5357,13853
10005,6192,5017,15261
11007,6170,4991,16131
07101,6157,4859,14173
09011,6111,5039,14303
03008,6060,5347,12250
09004,5806,4883,11540
19018,5758,4901,15007
28038,5305,4460,12650
28041,5067,4041,13472
25012,5065,4402,11010
09008,5049,4154,10586
11017,5036,4020,14216
14067,4883,4115,10672
15020,4877,3962,11076
15122,4857,3923,12677
15054,4748,3891,10456
15025,4597,3656,11643
24035,4330,3448,10783
15060,4243,3439,9254
26018,4033,3544,10238
18017,3981,3389,9429
13051,3875,3175,9157
21119,3866,3333,6751
22006,3802,3095,8260
20067,3706,2846,8881
17011,3701,2929,8835
25001,3638,3064,9145
28009,3606,3052,8115
30039,3452,2757,7987
15070,3447,2728,9261
03003,3427,2914,7863
10007,3377,2601,9228
05018,3360,2704,8455
16102,3252,2626,7547
04002,3243,2436,9317
22011,3166,2349,8286
21156,3130,2404,7597
28003,3096,2412,8913
12029,3037,2383,7719
22016,3036,2335,7710
15099,2963,2331,7280
05025,2912,2305,7441
30028,2858,2424,6456
15024,2843,2271,7190
23004,2800,1857,7687
30044,2671,2031,7135
17006,2586,2022,6502
26043,2541,2222,6568
15029,2500,2011,6130
32010,2479,1757,7979
04003,2467,1913,6283
30131,2452,2042,5155
11027,2441,2014,5874
26055,2368,2131,5831
15108,2256,1831,5258
32017,2252,1779,5148
07089,2250,1636,6596
13077,2232,1709,5756
21140,2157,1789,4588
32056,2127,1624,5480
15051,2115,1550,5348
08017,2098,1772,5343
06007,2015,1655,4837
21041,2005,1544,4590
11015,1972,1560,4685
18020,1943,1576,4910
19041,1898,1512,5467
28033,1895,1560,5003
02003,1892,1644,3913
15120,1886,1518,4775
30118,1871,1521,4731
26048,1849,1716,4500
02005,1817,1617,3519
06002,1809,1488,4206
14070,1807,1491,5432
05027,1800,1401,5024
15118,1781,1363,4326
11037,1767,1263,5893
30189,1753,1344,4460
14093,1696,1322,5637
15002,1659,1284,4294
16052,1652,1267,4841
06010,1649,1363,3791
16108,1644,1306,4157
26029,1639,1431,4546
11003,1610,1257,4388
25011,1579,1283,4809
21019,1547,1174,3723
09009,1525,1205,3624
17008,1514,1198,3640
19025,1513,1280,4540
17018,1499,1146,4028
21132,1494,1165,3628
08021,1478,1235,3753
30108,1474,1108,4023
13069,1458,1081,3941
14053,1415,1038,4311
29033,1411,1098,3871
23001,1389,1037,3147
07078,1369,1041,3564
19009,1359,1147,3230
12035,1350,1050,3346
27002,1349,867,4302
10012,1319,1040,3501
26042,1311,1126,4083
08032,1274,1075,3465
15076,1267,987,3227
24013,1252,934,3045
31041,1248,945,3904
14023,1243,980,3198
01005,1198,947,2970
13076,1157,903,3031
17029,1147,872,2891
27013,1147,801,3340
26017,1132,967,4327
19010,1106,915,3131
15035,1082,859,2671
19033,1069,883,2835
21015,1066,796,2692
20184,1065,793,3211
20385,1057,765,2698
30048,1053,759,2864
24020,1046,818,2843
05010,1045,709,3043
19049,1035,933,1799
12038,1035,835,2288
11042,1035,735,3563
27005,1030,687,3091
14063,1022,843,2846
16088,1012,827,2449
30124,996,717,2772
15110,990,734,2401
27008,988,579,3542
19045,981,794,2783
30105,980,794,2247
11014,979,730,3081
29005,972,775,3148
11031,963,695,3621
23009,958,670,2196
24024,958,651,2885
15095,951,755,2248
15018,942,724,2272
11005,938,678,2974
30102,916,661,2381
23011,900,775,1708
30065,885,656,1965
30038,882,716,1784
15042,872,546,3171
16069,871,689,2123
19038,869,699,2209
14083,869,677,3075
17028,864,671,2128
15005,852,615,2495
07019,849,583,2476
13030,847,554,2302
16112,844,635,2257
05002,834,678,1704
15014,820,593,2258
05028,820,647,2105
30011,817,711,1643
28021,816,662,2097
16006,814,604,2374
29010,812,647,2376
30068,812,622,1915
26002,811,710,2159
21074,792,606,2279
30174,792,544,2302
31059,790,577,2341
14044,786,631,2593
23003,779,641,1395
11033,776,479,2198
27012,774,487,2466
06009,773,572,2222
21174,773,603,2078
19012,770,640,2232
14018,770,581,2401
13083,749,556,1639
08050,746,620,2344
11011,722,525,2005
14073,719,554,2194
21071,716,518,1895
15062,716,546,1745
27014,709,467,1998
11032,703,503,2527
16076,699,558,1671
31102,696,505,2310
25018,692,530,1897
05017,692,520,2238
14008,678,520,2032
14124,675,519,2247
16075,666,527,2298
17004,665,497,1555
05020,665,535,1744
13003,665,473,1762
32020,665,493,1789
20079,655,495,1508
13063,654,474,1861
11002,646,506,1725
16066,642,493,1843
20390,641,481,1362
20039,632,470,1546
27006,629,408,2070
15092,629,489,1968
12055,629,477,1787
14030,628,506,1483
19004,627,556,1240
22017,627,460,1581
11023,627,460,1964
29013,623,468,2083
05032,622,431,1624
13061,616,467,1476
15067,611,414,1640
15101,609,436,1730
23002,609,367,2033
14015,607,486,1769
30141,603,455,1644
07097,593,386,1690
13028,593,387,1802
15053,592,454,1886
16034,586,447,1594
19044,582,509,1197
15090,581,426,1628
31101,580,415,1912
14085,578,403,1813
16107,576,429,1539
05033,574,426,1895
15011,574,449,1785
15091,568,433,1666
15087,561,363,1784
13013,558,417,1676
18004,557,437,1409
14013,557,415,1973
11041,556,438,1613
29025,555,442,1385
11028,553,434,1689
15088,548,378,1540
21106,545,470,1005
30123,537,383,1464
30085,537,428,1476
17012,536,427,1190
22012,536,392,1471
21164,529,396,1466
21154,526,348,1531
30175,526,383,1410
07027,525,386,1486
17020,524,414,1140
21034,522,403,1172
14094,521,414,1634
01003,519,344,1620
20413,519,355,1406
07065,517,319,1775
15045,515,344,1670
16082,512,350,1850
28040,510,393,1383
20043,509,384,1266
11021,506,377,1461
01011,502,371,1462
25015,498,428,1509
08011,497,407,1310
15115,497,359,1480
15059,491,388,1320
30183,489,378,1234
15100,487,338,1175
18008,483,395,1165
11004,479,339,1506
30128,478,376,1100
21208,477,326,1322
16071,474,327,1478
07061,472,312,1666
22005,471,277,1823
03001,471,388,1249
16043,469,360,1179
21085,464,349,1169
01002,464,289,1617
15009,460,352,1276
11025,460,336,1542
11030,459,336,1385
30138,454,364,1037
30109,454,303,1398
14091,454,355,1297
26025,453,380,1346
14050,451,307,1385
20318,450,316,1266
27010,448,272,1527
29043,447,322,1204
30003,443,355,1142
03002,443,362,1304
15048,441,288,1524
05022,440,324,1097
13056,440,333,1029
29044,438,325,1178
13052,437,323,1231
14066,435,368,1212
04004,434,288,1374
15082,433,292,1242
30040,432,360,877
13041,429,294,1093
11044,429,326,1461
13016,429,324,1249
32039,427,287,1181
11009,426,319,1271
10032,425,286,1635
27003,423,280,1474
18015,419,307,1202
13008,418,321,1103
21197,418,307,1116
11035,418,305,1267
30030,415,313,1033
08045,413,306,1012
17030,412,288,1047
16050,411,294,1382
14082,410,317,1309
12066,402,282,1265
21053,401,269,1179
07059,401,248,2419
11001,399,276,1429
08036,398,326,1149
01006,394,258,1146
15074,392,258,1289
32042,390,274,1162
32026,390,199,1429
14006,389,319,1136
26033,387,294,1205
30181,387,264,1178
15019,386,304,934
14035,385,282,1112
14022,380,300,866
31096,377,256,1273
17024,375,299,826
15085,375,248,1152
30045,374,293,961
28025,373,314,1028
30160,371,233,1047
15073,369,283,865
07034,368,202,1487
17002,367,323,650
27017,366,208,1221
30133,366,275,1206
21001,362,252,952
30061,360,264,974
22004,359,219,1396
11046,358,253,1116
12075,356,245,1123
17031,356,263,836
13084,355,245,1232
13023,348,245,1058
24037,347,239,1303
05009,346,272,1110
29018,345,259,957
20399,344,254,918
15103,341,279,761
04001,339,245,1116
07012,338,227,969
01007,337,239,1200
07017,337,207,1016
30016,336,263,792
26019,334,289,902
20551,334,219,1104
12028,333,230,1130
15023,331,250,802
27016,331,183,918
28035,329,267,995
07108,328,221,1201
16009,326,194,1024
13010,326,230,768
25010,324,245,1037
14016,324,237,1121
29006,324,267,833
13029,319,212,1056
16038,315,202,1041
30014,315,236,902
12011,313,176,873
07052,312,135,1417
16045,306,241,637
20515,305,212,711
24011,305,222,798
22008,305,202,938
15040,302,212,906
32024,302,220,830
23010,301,192,1086
20401,301,179,649
30026,299,237,677
21045,299,217,750
17017,295,227,654
30009,294,155,876
22007,294,210,828
32005,290,208,817
17003,289,202,1038
16012,287,173,909
11026,287,204,1296
14119,287,212,1028
20059,286,173,804
13081,284,169,932
26036,283,261,865
04009,282,213,933
05024,282,224,659
14046,282,216,1070
13050,281,205,730
12050,280,187,786
14051,279,210,1123
30206,279,222,624
31089,277,212,881
15075,274,204,709
14121,274,217,831
24021,272,207,1045
15084,272,201,793
12057,271,197,780
10008,270,189,969
30191,270,182,812
30204,269,215,593
15065,268,178,715
15047,267,172,918
30071,262,186,684
15113,261,143,647
30004,261,164,704
30115,261,199,641
14078,260,189,887
21180,260,195,1033
32038,260,170,847
14116,257,198,755
29031,255,192,802
08005,254,195,1137
15030,254,206,516
29041,254,197,675
30101,252,181,629
21004,252,177,736
14009,252,186,771
30010,251,149,656
10038,251,169,1081
14033,250,182,755
29036,250,192,770
15124,249,107,790
13054,249,167,830
20397,248,139,663
16079,247,159,1092
32036,246,204,736
14002,246,204,862
16055,243,166,758
13067,243,149,855
15036,242,168,663
07057,242,146,943
30155,241,161,674
32034,239,185,1022
14024,238,207,643
14108,238,164,1029
05004,235,182,694
05003,235,178,580
16106,235,169,651
07074,234,150,681
23007,234,134,871
15096,231,166,786
29028,231,153,684
21177,230,132,782
25009,229,193,722
22001,229,144,616
20107,226,173,498
12048,225,170,563
15044,225,175,452
14047,224,175,667
07099,223,90,975
16020,223,172,616
31013,223,178,431
07051,222,134,649
20482,222,136,657
19005,221,179,555
11039,221,154,590
31056,220,158,665
30034,220,172,540
17025,219,165,519
29015,218,166,572
14105,217,148,804
21207,216,150,663
21010,216,151,818
10023,215,150,718
08004,215,177,712
15093,214,163,532
30077,214,172,553
30134,214,148,516
32055,214,161,1059
01009,214,165,691
27009,214,122,661
29023,213,130,749
14118,213,146,676
30015,213,115,934
32048,213,150,493
08052,213,189,608
12021,212,153,525
30083,212,93,1552
12058,211,153,581
26004,211,141,562
13082,211,153,749
14043,210,157,608
23006,210,119,844
30032,210,142,529
06001,209,139,688
20014,208,133,605
21186,208,143,700
11029,208,125,853
13012,208,142,714
14055,208,138,633
14037,207,165,591
08048,207,176,881
11043,207,103,810
21115,206,128,595
13022,206,102,495
13074,205,135,485
16110,204,154,694
21003,204,133,766
26041,202,153,669
12061,202,146,608
20057,201,136,563
08062,201,153,562
29024,201,130,775
13075,201,145,633
18012,201,156,644
30069,200,154,506
16068,199,135,684
20350,198,161,408
15072,197,149,471
16010,196,111,805
29019,194,162,564
30211,194,141,482
27001,194,118,740
25014,194,154,538
16015,194,113,798
20002,193,126,586
16065,193,119,553
24050,193,116,822
20044,193,127,567
21090,192,149,437
21094,192,122,550
05038,192,147,455
24040,191,119,524
31079,191,150,705
25017,191,146,705
15043,190,132,517
20473,189,71,304
30092,189,149,434
07040,189,139,539
20324,189,114,697
20565,189,117,546
31038,189,130,806
15027,189,152,433
31052,188,132,632
08002,188,156,543
21048,188,119,504
28015,187,144,540
20157,187,149,410
05036,186,114,820
32051,186,124,786
30089,186,133,517
28012,186,141,592
30207,185,133,661
11008,185,117,823
30126,183,133,814
14096,181,147,613
16035,180,103,709
21143,180,138,426
14025,179,143,551
29034,179,125,597
11019,179,99,647
10039,179,110,561
10004,178,119,592
27007,178,125,564
14077,178,134,523
21136,178,139,452
31040,177,122,594
15001,176,109,632
32019,175,125,455
15112,175,113,491
16083,175,113,666
29039,174,124,554
30081,173,140,462
04005,173,114,607
14114,172,110,723
30053,172,122,458
18006,171,135,461
28007,171,148,529
25004,170,130,553
21199,169,123,470
30013,169,117,418
12007,169,117,422
21110,169,124,692
30023,169,79,498
29002,168,136,468
07009,168,114,557
16085,168,123,444
15016,168,104,463
21142,168,122,512
15114,167,103,735
12046,167,129,502
30024,167,79,576
21189,166,91,561
21051,166,129,521
06005,165,131,452
13001,165,87,566
05031,165,133,448
24032,165,100,481
15028,165,126,345
14064,165,118,536
15046,165,117,360
14100,164,98,706
25002,163,123,567
05006,162,116,668
14125,162,113,566
29026,162,139,411
19017,161,127,414
14021,161,112,446
03009,161,134,388
25013,160,108,553
14086,160,124,511
25008,158,117,449
24016,158,96,464
16097,157,82,539
07020,157,71,716
15052,157,122,377
14036,156,126,434
30158,156,118,409
30094,156,117,460
14045,156,100,438
24008,156,126,398
30143,155,114,499
30058,154,95,696
14001,153,123,465
29048,153,114,420
21161,153,105,425
30047,153,102,476
21054,152,86,426
07106,152,81,651
11016,152,104,618
15055,151,122,342
13015,151,84,522
11018,151,111,431
21117,150,122,393
14113,150,90,763
31066,149,57,673
07013,149,75,484
15068,149,107,386
15064,148,100,474
08029,148,84,631
19013,148,133,288
20334,148,97,462
15083,148,125,332
16025,147,111,451
30192,147,89,415
13021,147,99,414
21118,147,107,413
13046,146,79,510
15022,146,113,385
14074,145,120,314
07079,145,84,520
17009,145,126,348
28043,144,122,323
26026,144,132,445
12034,144,112,521
22003,143,66,520
26047,143,124,367
10037,143,69,731
21013,143,104,401
19022,142,107,267
10001,142,110,405
17019,142,98,353
15010,142,120,447
11040,141,69,859
14048,141,106,402
16103,141,119,351
13059,140,81,496
14088,140,105,373
30125,139,90,473
21194,139,90,401
30021,139,75,661
16073,139,109,542
21149,139,89,398
30006,138,85,539
30066,138,80,489
29038,137,105,461
07001,137,76,249
20227,137,109,433
21047,136,85,561
16019,136,102,358
30112,136,104,375
07030,136,54,502
24025,136,113,462
07068,136,77,694
20293,136,104,279
15050,135,97,350
07005,135,77,330
08001,135,95,313
10022,135,95,560
32023,135,99,392
32052,135,95,452
24049,135,93,492
30208,134,113,369
31093,133,110,361
16113,133,92,486
13024,133,81,341
08027,133,98,570
15125,132,103,320
30130,131,81,418
08055,131,96,356
08040,131,91,566
15012,130,90,478
06004,130,109,407
10036,130,78,465
16064,130,86,577
26058,130,114,363
18018,130,95,456
30172,129,35,269
18001,129,105,405
07015,129,77,461
30188,129,61,416
13037,129,59,542
14110,129,98,492
24007,129,83,358
16087,129,75,454
28002,129,101,412
04006,129,77,455
21069,128,91,352
24036,128,80,390
21104,128,93,385
08010,128,105,431
20023,127,89,480
21134,127,90,298
07086,127,96,309
21035,127,77,358
19047,126,106,391
15015,126,100,311
15003,126,59,551
32053,126,90,413
32022,125,104,294
16105,125,96,323
30173,125,70,412
20041,125,85,540
16022,124,77,455
14087,124,88,373
06003,124,98,497
21169,124,76,467
30201,123,56,515
14079,123,88,403
22009,123,83,510
29042,123,105,265
07102,123,90,353
14058,123,99,316
30117,123,70,369
20073,122,79,421
07092,122,39,318
30100,122,93,400
32029,122,82,396
05023,122,68,340
24058,121,83,359
20068,121,75,316
07069,121,79,751
29049,121,69,468
14059,120,87,338
30070,120,50,477
14003,120,90,336
30148,119,79,340
21108,119,93,373
13057,118,70,312
15006,118,85,315
32016,117,74,361
30097,117,99,267
16062,117,98,393
13070,116,84,329
13039,116,95,323
07062,116,61,332
14005,115,84,303
07014,115,54,432
21125,115,100,232
21153,115,80,364
31001,114,71,446
30182,114,90,248
13031,114,65,281
27015,114,61,681
21144,114,68,399
30093,114,78,240
30075,113,78,422
20553,113,92,226
32032,113,63,353
15063,112,76,334
30025,112,61,396
15021,111,77,309
15086,111,65,713
16086,111,73,292
08031,111,95,484
32018,111,65,396
18016,110,94,302
30033,109,65,236
21214,109,83,316
30086,109,64,301
16098,109,73,455
17010,108,88,256
04011,108,73,360
29007,108,85,306
20190,107,64,269
30049,107,84,461
01010,107,70,384
30164,107,79,259
16089,107,84,400
12012,106,65,370
26070,106,98,312
05019,106,88,216
24055,106,69,409
32014,105,62,419
29029,105,80,279
07037,105,57,344
15094,105,73,379
32049,105,79,338
01004,105,74,390
16111,105,66,467
07107,104,66,395
20115,104,79,275
21209,104,63,273
29032,104,74,242
11012,104,82,541
29008,103,59,312
13072,103,82,263
16057,103,62,477
29001,103,74,259
10026,103,57,350
28037,103,84,413
16051,103,89,235
12003,103,67,409
16084,103,78,248
20028,103,71,279
12041,103,56,347
30196,102,75,274
20409,102,78,221
15004,102,53,335
11013,102,76,514
19014,102,89,310
15056,102,60,422
21043,102,56,453
15008,102,58,545
17015,101,80,244
15107,101,71,271
29021,101,85,325
25003,100,73,341
16093,100,68,336
24010,100,61,365
15123,99,46,347
10034,99,66,450
21179,99,51,344
14109,99,61,322
13060,99,61,412
32007,99,78,263
17026,98,78,214
13007,98,60,306
16016,98,74,363
13035,98,65,341
12068,98,58,380
21173,98,55,274
20439,98,59,364
12022,97,64,313
14084,97,74,266
07077,97,60,388
07094,97,49,364
13002,97,73,331
19011,97,79,198
21172,97,65,378
30144,96,71,330
20006,96,74,278
18010,96,70,290
12067,96,72,257
20557,95,51,326
32035,95,48,356
12053,95,68,400
13055,95,56,290
20545,93,58,212
14095,93,83,309
30210,93,62,553
16014,93,67,304
20375,93,79,208
13006,92,49,213
32040,92,49,339
21044,92,64,336
21124,92,71,237
15089,92,73,200
20469,92,53,475
16040,92,62,322
13066,92,69,265
24054,91,60,345
14111,91,70,326
12059,91,67,294
07031,90,42,412
17035,90,75,289
10013,90,66,274
28029,90,50,270
24053,90,58,304
30205,90,64,249
22010,90,37,290
21211,89,68,289
19042,89,76,133
13009,89,68,204
07100,88,32,354
21191,88,48,210
30091,88,56,319
30145,88,61,188
07023,88,45,422
14029,87,63,264
16008,87,65,378
15079,86,53,373
29027,86,66,223
16058,86,57,254
29050,86,58,261
18002,86,64,362
30142,85,52,263
15080,85,45,551
18011,85,59,242
12056,85,48,401
07032,85,54,360
16077,85,62,287
26071,85,69,235
24047,85,50,244
12033,85,49,184
08060,84,72,317
30157,84,52,315
21091,84,67,268
16095,84,56,265
20570,83,62,432
12023,83,36,582
20278,83,42,257
16033,83,57,312
20295,83,61,250
05007,83,65,204
14049,83,41,392
20171,82,34,348
30135,82,68,202
16023,82,62,178
16004,82,65,232
31002,82,58,238
07083,82,46,255
16056,82,54,244
07109,82,58,258
18014,82,58,244
22018,81,55,335
16090,81,54,401
13019,81,52,237
20005,81,49,191
30111,81,56,285
22015,80,46,289
20010,80,55,222
20338,80,57,256
14123,80,60,371
28013,79,41,280
15049,79,60,235
14017,79,61,316
30132,79,51,246
16091,79,58,369
14065,79,52,232
16063,79,47,210
13058,79,50,215
14112,79,69,153
10020,79,50,261
13040,79,25,323
07041,79,35,427
30051,78,49,260
16104,78,52,212
06008,78,54,362
20526,78,33,272
30052,77,38,205
15102,77,48,198
07048,77,33,215
21067,77,59,172
19020,77,62,181
12032,77,34,409
28039,77,47,325
07049,76,38,246
20083,76,56,189
31027,76,53,197
30161,76,55,210
30082,76,58,203
21175,76,62,174
08009,76,58,369
24005,75,61,252
30149,75,28,323
07080,75,30,496
08013,75,62,225
17013,75,67,181
16003,75,59,195
30073,74,47,208
14027,74,43,306
14020,74,42,245
32054,74,48,312
16030,73,51,219
21064,73,31,262
17014,73,58,166
31006,72,42,265
07124,72,47,261
24003,72,52,363
17022,72,38,246
10028,72,51,148
26012,72,52,216
31048,71,53,303
21205,71,41,271
30095,71,44,264
29054,71,47,282
07046,71,47,346
24015,71,55,178
12045,71,54,270
29058,71,55,207
14041,70,45,183
17001,70,55,137
21026,70,55,219
30080,70,42,232
32044,70,45,241
21076,70,32,419
13073,70,39,359
25007,70,55,234
21017,70,47,246
29014,70,48,316
26027,69,61,146
30178,69,50,186
30114,69,49,216
07002,69,39,225
21040,69,34,207
32037,69,40,245
19029,68,57,172
16047,68,45,253
20030,68,53,148
21192,67,26,354
21170,67,41,230
07008,67,50,246
30074,67,47,202
17033,67,48,156
13038,67,38,255
10016,67,40,295
31019,67,51,283
07006,67,28,342
20364,67,42,237
15007,66,45,276
15038,66,48,138
30022,66,41,272
16078,66,48,194
16072,66,50,181
16070,66,52,214
08003,66,45,287
16041,65,51,200
16017,65,43,283
31036,65,38,304
13042,65,30,115
21020,65,41,160
27011,65,38,309
30169,65,41,181
30099,65,49,154
26035,65,54,186
20150,65,47,245
24039,65,11,273
07021,65,39,209
10027,64,41,246
13044,64,29,311
20128,64,30,194
30043,64,37,227
20418,64,43,163
16042,64,50,215
29020,64,51,136
16044,64,38,191
15117,64,39,233
11038,63,44,191
15061,63,35,162
16024,63,40,192
32025,63,52,190
16002,63,47,293
28030,63,46,555
04010,63,40,323
20045,63,28,236
15111,63,35,229
17027,62,52,150
31003,62,48,257
14092,62,54,188
24033,62,41,234
13005,62,41,236
30072,62,43,243
20247,62,28,163
21166,62,38,137
16011,62,53,213
21008,62,38,207
29053,62,51,165
21063,61,42,276
16036,61,43,208
21129,61,38,191
31091,61,48,272
20273,61,35,115
14014,60,38,229
20393,60,22,199
30120,60,37,194
08054,60,52,134
15032,60,35,296
15105,60,34,263
22013,60,33,393
15097,60,39,234
31067,59,41,222
12039,59,48,208
20483,59,40,202
30116,59,45,136
16100,59,38,174
21163,59,47,190
20386,58,34,249
07070,58,24,249
10035,58,50,238
31058,58,42,242
16080,58,31,277
08064,58,40,250
12017,58,42,175
21086,58,31,338
21128,58,34,287
07060,58,14,273
13004,58,38,168
32057,57,47,174
28016,57,44,198
20091,57,48,116
29060,57,47,175
19034,57,52,209
31004,57,34,180
13053,57,30,253
20449,57,27,228
13018,57,27,369
12018,57,45,172
16018,57,41,168
15017,57,51,299
12014,57,40,148
20025,57,37,154
16067,57,40,188
08006,56,39,166
21122,56,42,115
12027,56,40,184
30059,56,41,157
16037,56,35,165
30090,56,38,154
12030,56,37,181
10024,55,35,208
24057,55,29,202
20021,54,33,152
20026,54,37,185
17032,54,39,104
10009,54,32,172
31053,54,42,163
18003,54,42,158
21038,53,35,172
21058,53,15,214
16026,53,21,134
30062,53,38,122
15071,53,32,175
11022,53,44,284
20505,53,34,173
21187,53,18,128
21116,53,28,252
12049,53,35,121
24022,53,41,240
12051,53,30,285
24043,52,31,319
11024,52,28,207
10033,52,39,196
20467,52,33,172
14072,52,38,169
12019,52,36,154
30199,52,26,203
26003,52,48,203
20088,52,9,311
21157,52,29,182
08035,52,41,199
21102,52,39,132
16032,52,32,261
30129,52,39,109
31033,52,35,300
29040,52,36,167
14068,51,37,392
11006,51,20,277
30152,51,34,104
24023,51,25,187
14122,51,28,239
20327,51,29,136
20084,51,40,90
07081,51,31,214
21098,50,38,218
07054,50,20,192
11045,50,20,203
30200,50,31,198
22002,50,38,290
20310,50,23,151
13064,50,30,178
12063,50,12,323
07087,50,30,160
31051,50,40,154
29012,50,28,143
14054,50,35,153
32047,50,35,259
14007,50,36,131
07104,50,35,286
24051,50,41,147
20403,50,32,140
30151,49,30,177
32031,49,34,138
13062,49,16,335
17016,49,34,165
15026,49,26,193
28017,49,34,134
24027,49,42,133
19037,49,29,234
32045,49,40,155
20498,49,9,139
21099,49,38,166
14004,49,31,145
25016,49,37,211
30177,49,22,170
20178,49,40,122
16029,49,26,215
24046,48,37,152
07103,48,26,206
13011,48,23,193
05037,48,38,137
14107,48,34,133
20198,48,20,328
21046,48,30,159
20277,48,29,141
21138,48,31,113
31029,48,30,184
21081,47,32,120
21065,47,32,164
29059,47,37,201
24056,47,33,146
30194,47,25,187
24029,47,29,141
15098,47,39,160
07123,47,25,251
21072,47,34,143
21151,47,39,127
31039,47,29,157
13047,46,28,239
20540,46,35,114
21171,46,29,119
12052,46,29,163
26023,46,39,98
12073,46,24,137
32009,46,31,472
07035,46,26,98
13027,46,29,187
31076,46,28,184
14102,46,37,112
07064,46,22,173
31032,46,33,204
24001,45,35,157
31035,45,28,79
21195,45,22,266
12002,45,25,228
31075,45,22,142
30136,45,28,103
20559,45,30,290
20033,45,32,115
14099,45,31,269
30197,44,22,160
16046,44,27,152
08059,44,25,229
21083,44,20,620
07016,44,32,133
07047,44,20,184
30031,44,27,142
30054,44,35,113
32050,44,35,186
24042,44,29,110
29017,43,33,144
17021,43,30,100
21079,43,27,125
12064,43,27,129
07003,43,19,325
20294,43,35,104
20031,42,21,183
15077,42,22,111
20360,42,16,194
29051,42,32,151
16096,42,35,144
30186,42,25,129
21148,42,27,106
21193,42,24,127
20124,42,36,139
29011,42,27,90
07075,42,20,182
01008,42,31,109
05034,42,32,231
20042,42,26,160
16060,42,35,111
31090,41,33,92
16001,41,32,114
14103,41,32,108
21060,41,28,108
12069,41,24,148
10002,41,35,140
24030,41,28,186
21103,41,24,155
13045,41,26,113
21057,41,13,189
07122,41,17,118
20210,41,17,133
30060,41,28,124
20013,40,24,94
14012,40,30,170
30046,40,20,224
20305,40,25,100
32008,40,29,93
17034,40,34,139
29016,40,31,121
29022,40,21,193
30168,40,20,119
30055,40,28,102
20063,40,26,153
16031,40,25,237
24052,40,19,140
12015,40,28,105
19032,39,29,129
13065,39,26,161
20103,39,28,119
16074,39,32,126
20427,39,26,89
17005,39,28,90
20177,39,26,123
20509,39,10,132
20546,39,32,103
07043,39,27,125
08053,39,24,83
28024,39,30,114
28019,39,30,173
06006,39,20,137
21111,39,27,178
20539,38,27,116
07058,38,19,128
24017,38,30,166
20139,38,15,151
21126,38,29,143
24006,38,28,106
15069,38,30,97
20298,38,30,99
26066,38,30,137
29030,38,22,165
15116,38,23,65
30042,38,18,193
32006,38,25,158
21012,38,25,188
30036,38,27,88
26038,38,36,114
31057,38,26,156
12040,38,28,185
20235,37,29,61
14019,37,20,121
21073,37,28,101
20447,37,18,266
28018,37,28,118
20456,37,29,60
16049,37,20,128
16054,37,26,164
05021,37,26,136
08039,37,22,116
12054,37,19,157
24019,36,14,77
20111,36,17,60
20207,36,24,192
16099,36,27,212
13014,36,21,246
08051,36,25,150
21082,36,27,97
20072,36,17,78
07072,36,24,103
20475,36,14,225
21150,36,21,58
31044,36,23,137
10018,36,28,75
07105,36,18,112
26052,36,29,94
24012,36,25,141
20052,36,18,139
20500,36,12,154
08025,36,28,96
20087,35,30,61
12006,35,22,94
20342,35,28,99
07111,35,17,138
12042,35,29,128
08016,35,27,77
14011,35,24,162
26016,35,31,76
31026,35,22,119
21178,35,20,129
13049,34,10,144
20105,34,23,110
12077,34,23,99
30020,34,18,217
28014,34,29,96
29057,34,23,121
31084,34,25,93
20555,34,11,74
07091,34,16,126
07073,34,8,149
07011,34,16,183
07026,33,13,123
14069,33,26,97
07071,33,17,206
25005,33,26,139
26039,33,30,127
31080,33,26,139
21087,33,16,222
08038,33,35,140
30121,33,22,139
29045,33,29,65
14052,33,25,69
21137,33,20,107
30050,33,15,136
21181,33,26,67
14115,33,26,83
21176,33,25,137
32030,33,22,102
31025,33,28,162
20131,33,13,98
24045,33,27,88
32011,33,26,57
11034,32,23,125
30027,32,21,162
18013,32,27,88
18009,32,15,193
30063,32,21,55
32033,32,24,75
29056,32,22,150
07096,32,20,200
30019,32,16,165
07055,32,19,55
04008,32,13,103
20130,31,1,55
11036,31,25,105
20185,31,14,131
28001,31,21,121
12044,31,22,97
15034,31,20,83
21050,31,11,124
32001,31,24,101
19008,31,23,60
30166,31,23,112
29009,30,19,96
16028,30,24,60
08012,30,20,83
20077,30,26,55
14026,30,22,164
05011,30,19,206
26056,30,16,108
20145,30,21,57
12004,30,19,188
20497,30,13,71
16081,30,9,56
19002,30,28,60
21167,30,15,75
26072,30,21,94
20333,30,17,65
16059,29,22,146
29052,29,18,95
28004,29,19,76
12024,29,11,89
31020,29,23,79
20543,29,6,75
20530,29,16,213
31007,29,19,106
21155,28,18,91
21022,28,22,148
14031,28,17,106
31018,28,12,121
31100,28,20,148
12078,28,3,59
12010,28,17,179
24018,28,20,126
20134,28,15,157
14106,28,22,114
21112,28,19,83
29037,28,17,106
20153,28,18,93
08024,28,25,64
30012,28,14,89
30001,28,22,95
31063,27,18,161
30035,27,21,67
21152,27,17,73
05012,27,16,92
32012,27,21,206
31087,27,18,79
24038,27,19,129
10021,27,19,75
31021,27,23,98
18007,27,22,106
20550,27,18,66
20489,27,17,73
20533,27,15,75
20123,27,15,86
31098,27,21,143
29004,27,14,126
16005,27,23,70
26006,27,8,77
20339,27,22,129
14090,27,23,98
19023,26,21,42
24009,26,17,99
20348,26,12,61
32021,26,14,195
31069,26,16,122
21183,26,20,309
20080,26,15,56
21109,26,17,179
20248,26,15,176
30185,26,13,56
11010,26,18,65
21185,26,22,77
21127,26,15,86
19007,26,24,79
24044,26,22,54
20174,26,19,106
13036,26,18,298
17023,26,21,63
21213,26,8,249
04007,26,11,75
20135,26,17,160
16039,26,15,113
31085,26,12,150
13017,26,14,121
20133,26,16,86
21089,26,17,108
31037,25,11,63
20441,25,15,102
30067,25,8,152
05014,25,19,92
16094,25,16,74
30104,25,13,133
21113,25,17,81
08028,25,22,60
12081,25,10,76
20525,25,16,72
20421,25,15,43
30165,25,11,83
21002,25,16,79
29046,25,9,140
20377,25,19,122
14032,25,23,57
30167,25,9,95
30139,24,16,62
19027,24,22,41
30156,24,10,84
21061,24,11,64
21075,24,12,62
20205,24,12,235
14057,24,19,62
07039,24,6,178
20176,24,11,47
08034,24,17,82
16092,24,12,185
20450,24,14,78
30162,24,5,107
07004,24,13,101
05008,24,17,77
15119,24,7,102
07044,24,16,120
12013,24,18,84
20202,24,11,118
20064,24,14,47
24048,24,15,80
16027,23,14,81
07067,23,12,282
30212,23,11,67
31014,23,16,34
20466,23,9,123
20102,23,17,206
08023,23,17,180
20414,23,15,131
20531,23,11,69
20406,23,14,198
31042,23,17,90
31028,23,18,100
07114,23,18,90
20232,23,9,64
28028,23,8,87
31062,23,18,218
20143,22,15,81
20173,22,1,31
07066,22,9,126
31095,22,20,97
21203,22,16,69
30041,22,13,58
20560,22,15,104
32013,22,13,107
20050,22,11,63
13025,22,12,69
29047,22,12,80
07116,22,4,106
21188,22,16,103
19016,21,20,49
29003,21,13,50
21196,21,14,42
16013,21,17,66
20487,21,6,44
21027,21,13,62
10014,21,14,156
13043,21,12,77
21212,21,12,87
20279,21,7,53
21016,21,11,116
20437,21,6,80
16109,21,16,41
14060,21,9,67
16061,21,14,92
14075,21,17,59
20459,20,17,53
24034,20,12,82
20433,20,3,36
14089,20,16,85
12026,20,12,83
19001,20,16,53
20082,20,10,67
08065,20,14,130
20272,20,8,115
26045,20,17,59
28011,20,12,95
20513,20,11,58
31047,20,12,57
26020,20,11,62
30119,20,14,62
21025,20,15,52
14038,20,19,40
14104,20,12,50
12071,19,10,64
20387,19,14,46
21168,19,12,63
21059,19,16,196
32004,19,16,52
12008,19,13,59
20219,19,9,95
28042,19,15,49
10015,19,16,118
30203,19,14,63
30113,19,20,74
20243,19,13,51
29035,19,16,68
24026,19,7,120
20325,19,11,31
20446,19,8,69
31054,19,13,79
07093,19,7,104
18019,19,17,139
20519,19,16,109
12062,19,9,77
31097,19,9,78
20170,19,9,45
21092,19,8,61
20108,19,10,201
31082,19,15,41
30007,19,16,40
30098,19,11,56
30008,19,15,85
08007,19,13,161
20229,19,9,47
26013,19,12,36
07025,19,13,110
21210,19,12,103
30088,18,11,68
30127,18,11,56
32003,18,10,52
12016,18,9,177
21204,18,11,56
14061,18,8,55
20112,18,12,42
20308,18,15,42
30017,18,8,137
32002,18,12,101
10019,18,12,109
20024,18,3,74
13080,18,12,76
30184,18,8,184
13033,18,14,86
30209,18,13,110
21202,18,8,48
21182,17,14,58
10031,17,11,64
30057,17,11,88
21039,17,14,145
20188,17,8,114
30122,17,11,62
20356,17,14,50
12060,17,14,74
30176,17,10,37
21066,17,9,45
24014,17,12,71
20058,17,6,61
20415,17,4,45
31103,17,5,101
12070,17,10,39
14042,17,12,76
28005,17,15,60
15078,17,15,76
20392,17,5,63
31023,17,12,53
12072,17,6,113
14080,17,12,113
30202,17,14,126
21146,17,16,73
14010,17,13,110
20398,16,15,60
30037,16,11,62
21120,16,12,50
30147,16,10,89
13026,16,8,43
12074,16,7,90
30056,16,10,54
20549,16,7,58
20337,16,6,33
08044,16,12,45
32046,16,14,61
20104,16,11,46
19051,16,15,43
20012,16,10,40
13032,16,12,53
30150,16,11,160
21147,16,8,86
08058,16,14,72
26014,16,13,32
21100,16,8,54
12065,16,12,69
12079,16,10,107
30079,15,5,117
31065,15,8,59
20307,15,6,55
20166,15,10,120
20426,15,8,64
20206,15,8,35
31074,15,13,54
20349,15,13,44
20431,15,6,31
21217,15,14,108
31105,15,14,52
12037,15,10,59
31072,15,7,28
31104,15,9,71
31034,15,12,50
08061,15,11,91
30163,15,13,56
21097,15,12,56
12043,15,6,98
30084,15,13,30
21121,15,2,34
30159,14,7,62
20520,14,10,50
26051,14,13,68
13068,14,7,65
21037,14,6,36
20016,14,7,97
21080,14,12,30
20470,14,1,152
30198,14,9,55
20280,14,11,47
31009,14,11,86
14081,14,7,46
32028,14,10,87
20213,14,7,36
31046,14,10,291
07084,14,11,58
20070,14,9,51
07038,14,4,118
26059,14,12,32
20149,14,5,34
20260,14,5,89
21055,14,7,33
30002,14,7,24
21006,14,10,241
20136,14,3,57
20326,13,5,43
20347,13,3,112
12020,13,5,54
20040,13,1,17
21158,13,8,42
20472,13,9,40
21062,13,7,40
20378,13,4,24
30029,13,11,102
21190,13,5,23
32015,13,9,60
24041,13,7,137
07018,13,11,38
20076,13,8,78
20275,13,11,41
08067,13,13,36
31061,13,10,36
26001,13,12,32
30106,13,10,52
07117,13,6,86
14076,13,8,68
13034,13,13,96
20424,13,4,48
30180,13,11,84
21215,12,6,43
08033,12,8,46
20009,12,8,44
12076,12,6,145
14040,12,7,100
20462,12,10,67
30076,12,4,72
20180,12,7,46
26057,12,9,36
08030,12,3,69
21105,12,7,39
07010,12,5,87
31083,12,9,22
21200,12,9,49
08026,12,9,49
30154,12,8,64
16048,12,6,56
05013,11,10,16
10017,11,7,57
19003,11,11,16
31017,11,6,38
21160,11,8,36
20089,11,4,53
20537,11,7,47
12005,11,9,48
20066,11,7,41
14028,11,9,24
14062,11,10,26
20179,11,6,41
21206,11,9,94
07115,11,8,67
21201,11,8,52
20490,11,0,45
15066,11,7,24
14117,11,7,73
14056,11,3,27
28010,11,8,23
07036,11,8,81
20566,11,4,74
31005,11,4,48
20302,10,4,35
31055,10,5,18
24031,10,5,90
29055,10,8,47
20417,10,5,109
26069,10,6,32
20001,10,10,21
16007,10,6,25
20020,10,8,25
20266,10,8,33
20249,10,6,15
31106,10,9,54
07085,10,4,65
21130,10,6,38
13079,10,5,59
08020,10,5,68
20300,10,7,35
08018,10,8,73
20477,10,2,76
20003,10,3,13
20208,10,7,21
07119,10,8,17
12036,10,8,69
20289,9,7,46
16021,9,7,42
20029,9,5,23
20496,9,5,76
07063,9,7,39
20162,9,0,32
30171,9,3,22
05026,9,6,36
20159,9,3,36
20303,9,3,43
21159,9,8,20
19030,9,4,37
20078,9,7,14
16101,9,4,38
07090,9,8,22
07120,9,1,15
21096,9,3,29
20090,9,5,25
15041,9,7,21
20299,9,8,24
07033,9,3,52
28023,9,7,23
31011,9,7,32
20517,9,2,158
20468,9,1,190
05005,9,8,18
05015,9,8,19
20345,9,8,41
08046,9,6,22
07053,9,7,54
20085,8,5,69
20269,8,5,28
19028,8,7,17
21009,8,9,17
07024,8,3,34
20369,8,7,31
31015,8,6,26
24002,8,3,56
10006,8,5,56
21018,8,3,43
30103,8,4,135
07076,8,3,160
20217,8,4,22
31068,8,4,38
07007,8,1,55
20141,8,6,26
24004,8,5,26
20484,8,6,27
30187,8,6,45
20244,8,6,35
21070,8,8,17
30096,8,5,11
21093,8,2,37
19035,8,8,12
20237,8,5,25
08014,8,7,20
20380,8,4,32
26021,8,6,32
20297,8,6,27
20312,8,3,23
20240,8,6,16
07121,8,4,63
26022,8,7,144
20286,8,6,20
12080,8,8,58
21088,8,3,48
13078,8,5,39
20429,8,3,35
30078,8,6,33
32058,8,7,23
08056,7,7,15
20486,7,1,40
07029,7,2,38
20017,7,2,14
14071,7,5,27
13071,7,2,64
31031,7,3,25
31043,7,5,32
20554,7,3,43
20523,7,4,16
20379,7,5,22
21021,7,4,27
20125,7,2,65
07118,7,4,20
20410,7,6,36
30153,7,5,21
31077,7,3,28
08063,7,6,40
21141,7,3,13
19024,7,6,21
20455,7,1,23
30190,7,7,25
26067,7,6,12
20508,7,7,18
30170,7,5,55
20226,7,7,14
20548,7,8,11
20265,7,4,55
07042,7,2,70
20118,7,7,45
20158,7,2,20
20291,7,2,19
20234,7,1,31
20053,7,2,20
21184,7,5,31
21078,7,5,68
21029,7,4,16
20481,7,3,12
20457,7,5,22
20562,6,7,11
07098,6,6,40
20161,6,1,27
07088,6,5,13
21023,6,3,18
31064,6,5,28
20396,6,0,13
07022,6,4,34
20254,6,4,15
20499,6,6,46
26050,6,3,19
20314,6,5,16
20367,6,2,12
21145,6,3,49
10011,6,2,42
21032,6,4,11
10003,6,3,25
20384,6,4,28
10029,6,5,11
20046,6,0,28
20460,6,2,38
32027,6,6,74
26031,6,6,25
20454,6,5,14
20097,6,6,5
20036,6,5,29
20264,6,4,46
19036,6,3,23
20271,6,1,37
20037,6,4,46
21031,6,4,10
26060,6,5,22
20225,6,0,30
19040,6,6,14
07112,6,1,78
28034,6,2,47
20155,5,2,15
20438,5,3,16
20109,5,5,8
19015,5,4,10
20372,5,2,26
20323,5,1,9
12009,5,1,42
20407,5,4,77
20452,5,5,24
32041,5,0,23
20261,5,3,42
26015,5,5,37
20366,5,4,23
05001,5,5,24
20193,5,5,21
20382,5,2,9
18005,5,3,48
26061,5,4,172
21139,5,3,59
07082,5,3,7
20512,5,0,7
20132,5,5,11
20516,5,3,14
26037,5,4,15
20362,5,2,8
20075,5,5,26
20343,5,5,38
07045,5,2,42
20274,5,3,19
20092,5,3,12
20146,5,3,18
20522,5,2,4
21068,5,3,32
30179,5,4,26
20358,5,2,20
20285,5,4,13
20368,5,3,12
20038,5,4,13
20004,5,4,11
21198,5,3,39
26068,5,3,43
26034,5,5,19
30005,5,4,52
21049,5,4,38
08022,5,4,49
20167,5,0,9
14034,5,5,18
20192,4,4,17
20558,4,3,4
20095,4,2,15
20049,4,3,6
21084,4,4,17
30064,4,2,13
07050,4,2,93
20182,4,3,8
20411,4,3,7
20197,4,3,8
31045,4,1,36
20203,4,4,20
20329,4,0,7
20156,4,2,59
20309,4,2,30
20494,4,1,57
20567,4,4,22
20363,4,4,30
28006,4,0,94
28031,4,3,15
20491,4,2,20
20137,4,4,16
20126,4,2,52
31094,4,4,72
20511,4,2,13
20268,4,3,27
21036,4,1,77
30146,4,2,16
07028,4,2,29
21033,4,1,54
21005,4,4,9
20211,4,1,9
31070,4,3,15
20476,4,3,28
20148,4,4,35
31049,4,4,9
20502,4,4,32
31060,4,4,23
20220,4,3,20
07056,4,2,15
20263,4,3,13
20116,4,4,22
20096,3,2,7
31092,3,2,30
20474,3,2,20
20432,3,2,9
20034,3,2,4
20284,3,1,12
20154,3,3,7
20101,3,3,4
08066,3,2,17
28026,3,3,22
19043,3,2,6
20214,3,1,19
20221,3,2,8
20015,3,2,20
20255,3,2,10
20113,3,2,11
20301,3,3,13
20330,3,1,30
20317,3,2,45
21107,3,3,20
20353,3,1,24
20071,3,1,8
31012,3,4,11
20051,3,3,7
20534,3,1,8
20391,3,2,14
20194,3,2,6
20152,3,2,11
20281,3,1,4
20189,3,1,14
20055,3,3,33
31078,3,2,10
31071,3,1,4
28020,3,2,21
20507,3,2,22
26049,3,3,7
08008,3,2,48
20239,3,1,21
21131,3,2,9
21042,3,3,7
20215,3,1,6
26063,3,2,22
20242,3,1,27
20532,3,3,11
20402,3,3,9
10025,3,3,10
08047,3,3,22
26024,3,3,6
20098,3,2,11
26032,2,1,8
12025,2,2,82
28008,2,1,18
20453,2,1,8
26011,2,1,15
07110,2,2,15
10010,2,1,12
08015,2,1,11
20212,2,1,23
21056,2,2,7
20081,2,1,9
20394,2,2,10
20419,2,1,10
20510,2,0,12
20412,2,1,27
13020,2,3,9
26007,2,2,3
20257,2,1,4
20251,2,2,20
12031,2,1,24
30195,2,2,11
21162,2,1,44
20443,2,2,4
20492,2,0,44
20501,2,2,9
20328,2,0,8
30107,2,1,37
05016,2,2,47
20129,2,1,3
07113,2,0,12
31024,2,2,25
20290,2,1,3
20448,2,0,54
20259,2,2,22
31073,2,2,104
20331,2,0,3
20233,2,2,7
20168,2,2,4
20060,2,1,10
21014,2,1,14
20351,2,0,19
20019,2,1,5
31088,2,2,10
20561,2,1,9
08057,2,2,17
20065,2,0,7
20563,2,1,19
26010,2,2,11
31008,2,1,8
20241,2,0,9
32043,2,2,13
20119,2,0,4
20175,2,2,19
20346,2,2,17
20164,2,2,9
20428,2,1,4
20282,2,1,2
20336,2,2,10
08049,2,2,20
20086,2,1,7
21007,2,1,11
20069,2,2,12
20216,1,1,1
12047,1,0,10
20186,1,1,5
20142,1,1,2
20503,1,1,5
20493,1,0,3
20400,1,1,3
20535,1,0,15
08043,1,0,13
20420,1,1,5
31030,1,1,6
20341,1,1,3
20228,1,1,12
31022,1,1,8
20117,1,1,16
19050,1,1,27
20296,1,1,3
21077,1,1,13
20209,1,1,1
21101,1,0,11
21011,1,1,12
20253,1,1,13
20371,1,1,16
20569,1,0,15
31016,1,1,6
20169,1,0,12
26046,1,1,10
20504,1,1,7
26009,1,1,1
20316,1,1,1
20204,1,1,3
20138,1,1,1
20529,1,0,2
20321,1,1,2
20381,1,0,10
31086,1,1,22
21133,1,0,14
20365,1,0,8
20262,1,0,1
20544,1,0,29
20160,1,1,5
20201,1,1,3
20007,1,0,12
20306,1,0,26
20527,1,1,7
20506,1,1,1
20374,1,1,20
20416,1,0,2
20147,1,1,9
30140,1,1,23
20352,1,1,5
20359,1,0,3
20344,1,0,5
20061,1,1,7
26062,1,1,5
20114,1,1,2
20292,1,0,14
20187,1,1,15
20311,1,0,1
20320,1,1,31
20056,1,1,9
26040,1,0,11
20022,1,0,1
20252,1,1,3
20405,1,1,17
30137,1,0,14
20315,1,0,13
20408,1,0,4
20461,1,0,3
20458,1,2,4
20222,1,1,4
20495,1,0,2
26064,1,1,9
20283,1,1,4
21165,1,1,2
20048,1,1,2
08042,1,1,35
20054,1,1,4
20370,1,1,3
20027,1,0,5
20110,1,1,7
20183,1,1,18
20163,1,1,3
20196,1,1,9
26028,1,0,6
20514,1,0,1
21052,1,1,15
21135,1,1,1
20062,1,1,5
20246,1,1,3
20165,0,0,79
20094,0,0,57
28036,0,0,32
20361,0,0,28
20354,0,0,28
20463,0,0,28
20423,0,0,18
20434,0,0,17
20120,0,0,16
20445,0,0,15
20035,0,0,15
20547,0,0,15
30110,0,0,13
20568,0,0,13
05029,0,0,12
10030,0,0,12
26054,0,0,12
20485,0,0,10
20011,0,0,10
20230,0,0,10
20444,0,0,9
21030,0,0,9
21095,0,0,8
20172,0,0,7
31010,0,0,7
31099,0,0,6
20478,0,0,6
20541,0,0,6
20528,0,0,6
21123,0,0,6
08041,0,0,5
20231,0,0,5
20436,0,0,5
20200,0,0,4
21028,0,0,4
20435,0,0,4
20464,0,0,4
21024,0,0,4
20122,0,0,4
20270,0,0,4
20524,0,0,4
26005,0,0,4
31081,0,0,3
20236,0,0,3
20238,0,0,3
21216,0,0,3
20121,0,0,3
20319,0,0,3
20195,0,0,3
20373,0,0,2
20245,0,0,2
20140,0,0,2
20224,0,0,2
20389,0,0,2
20471,0,0,2
20480,0,0,2
20335,0,0,2
20465,0,0,2
20032,0,0,2
26065,0,0,2
20256,0,0,2
20250,0,0,2
20357,0,0,2
26008,0,0,1
20395,0,0,1
20538,0,0,1
20144,0,0,1
20276,0,0,1
20099,0,0,1
20404,0,0,1
20100,0,0,1
20181,0,0,1
20340,0,0,1
20127,0,0,1
20008,0,0,1
20313,0,0,1
20258,0,0,1
20376,0,0,1
20388,0,0,1
20332,0,0,1
20425,0,0,1
